customer_id;segment_id
1;1
2;1
3;1
4;1
5;1
6;1
7;1
8;1
9;1
10;1
11;1
12;1
13;1
14;1
15;1
16;1
17;1
18;1
19;1
20;1
21;1
22;1
23;1
24;1
25;1
26;1
27;1
28;1
29;1
30;1
31;1
32;1
33;1
34;1
35;1
36;1
37;1
38;1
39;1
40;1
41;1
42;1
43;1
44;1
45;1
46;1
47;1
48;1
49;1
50;1
51;1
52;1
53;1
54;1
55;1
56;1
57;1
58;1
59;1
60;1
61;1
62;1
63;1
64;1
65;1
66;1
67;1
68;1
69;1
70;1
71;1
72;1
73;1
74;1
75;1
76;1
77;1
78;1
79;1
80;1
81;1
82;1
83;1
84;1
85;1
86;1
87;1
88;1
89;1
90;1
91;1
92;1
93;1
94;1
95;1
96;1
97;1
98;1
99;1
100;1
101;1
102;1
103;1
104;1
105;1
106;1
107;1
108;1
109;1
110;1
111;1
112;1
113;1
114;1
115;1
116;1
117;1
118;1
119;1
120;1
121;1
122;1
123;1
124;1
125;1
126;1
127;1
128;1
129;1
130;1
131;1
132;1
133;1
134;1
135;1
136;1
137;1
138;1
139;1
140;1
141;1
142;1
143;1
144;1
145;1
146;1
147;1
148;1
149;1
150;1
151;1
152;1
153;1
154;1
155;1
156;1
157;1
158;1
159;1
160;1
161;1
162;1
163;1
164;1
165;1
166;1
167;1
168;1
169;1
170;1
171;1
172;1
173;1
174;1
175;1
176;1
177;1
178;1
179;1
180;1
181;1
182;1
183;1
184;1
185;1
186;1
187;1
188;1
189;1
190;1
191;1
192;1
193;1
194;1
195;1
196;1
197;1
198;1
199;1
200;1
201;1
202;1
203;1
204;1
205;1
206;1
207;1
208;1
209;1
210;1
211;1
212;1
213;1
214;1
215;1
216;1
217;1
218;1
219;1
220;1
221;1
222;1
223;1
224;1
225;1
226;1
227;1
228;1
229;1
230;1
231;1
232;1
233;1
234;1
235;1
236;1
237;1
238;1
239;1
240;1
241;1
242;1
243;1
244;1
245;1
246;1
247;1
248;1
249;1
250;1
251;1
252;1
253;1
254;1
255;1
256;1
257;1
258;1
259;1
260;1
261;1
262;1
263;1
264;1
265;1
266;1
267;1
268;1
269;1
270;1
271;1
272;1
273;1
274;1
275;1
276;1
277;1
278;1
279;1
280;1
281;1
282;1
283;1
284;1
285;1
286;1
287;1
288;1
289;1
290;1
291;1
292;1
293;1
294;1
295;1
296;1
297;1
298;1
299;1
300;1
301;1
302;1
303;1
304;1
305;1
306;1
307;1
308;1
309;1
310;1
311;1
312;1
313;1
314;1
315;1
316;1
317;1
318;1
319;1
320;1
321;1
322;1
323;1
324;1
325;1
326;1
327;1
328;1
329;1
330;1
331;1
332;1
333;1
334;1
335;1
336;1
337;1
338;1
339;1
340;1
341;1
342;1
343;1
344;1
345;1
346;1
347;1
348;1
349;1
350;1
351;1
352;1
353;1
354;1
355;1
356;1
357;1
358;1
359;1
360;1
361;1
362;1
363;1
364;1
365;1
366;1
367;1
368;1
369;1
370;1
371;1
372;1
373;1
374;1
375;1
376;1
377;1
378;1
379;1
380;1
381;1
382;1
383;1
384;1
385;1
386;1
387;1
388;1
389;1
390;1
391;1
392;1
393;1
394;1
395;1
396;1
397;1
398;1
399;1
400;1
401;1
402;1
403;1
404;1
405;1
406;1
407;1
408;1
409;1
410;1
411;1
412;1
413;1
414;1
415;1
416;1
417;1
418;1
419;1
420;1
421;1
422;1
423;1
424;1
425;1
426;1
427;1
428;1
429;1
430;1
431;1
432;1
433;1
434;1
435;1
436;1
437;1
438;1
439;1
440;1
441;1
442;1
443;1
444;1
445;1
446;1
447;1
448;1
449;1
450;1
451;1
452;1
453;1
454;1
455;1
456;1
457;1
458;1
459;1
460;1
461;1
462;1
463;1
464;1
465;1
466;1
467;1
468;1
469;1
470;1
471;1
472;1
473;1
474;1
475;1
476;1
477;1
478;1
479;1
480;1
481;1
482;1
483;1
484;1
485;1
486;1
487;1
488;1
489;1
490;1
491;1
492;1
493;1
494;1
495;1
496;1
497;1
498;1
499;1
500;1
501;1
502;1
503;1
504;1
505;1
506;1
507;1
508;1
509;1
510;1
511;1
512;1
513;1
514;1
515;1
516;1
517;1
518;1
519;1
520;1
521;1
522;1
523;1
524;1
525;1
526;1
527;1
528;1
529;1
530;1
531;1
532;1
533;1
534;1
535;1
536;1
537;1
538;1
539;1
540;1
541;1
542;1
543;1
544;1
545;1
546;1
547;1
548;1
549;1
550;1
551;1
552;1
553;1
554;1
555;1
556;1
557;1
558;1
559;1
560;1
561;1
562;1
563;1
564;1
565;1
566;1
567;1
568;1
569;1
570;1
571;1
572;1
573;1
574;1
575;1
576;1
577;1
578;1
579;1
580;1
581;1
582;1
583;1
584;1
585;1
586;1
587;1
588;1
589;1
590;1
591;1
592;1
593;1
594;1
595;1
596;1
597;1
598;1
599;1
600;1
601;1
602;1
603;1
604;1
605;1
606;1
607;1
608;1
609;1
610;1
611;1
612;1
613;1
614;1
615;1
616;1
617;1
618;1
619;1
620;1
621;1
622;1
623;1
624;1
625;1
626;1
627;1
628;1
629;1
630;1
631;1
632;1
633;1
634;1
635;1
636;1
637;1
638;1
639;1
640;1
641;1
642;1
643;1
644;1
645;1
646;1
647;1
648;1
649;1
650;1
651;1
652;1
653;1
654;1
655;1
656;1
657;1
658;1
659;1
660;1
661;1
662;1
663;1
664;1
665;1
666;1
667;1
668;1
669;1
670;1
671;1
672;1
673;1
674;1
675;1
676;1
677;1
678;1
679;1
680;1
681;1
682;1
683;1
684;1
685;1
686;1
687;1
688;1
689;1
690;1
691;1
692;1
693;1
694;1
695;1
696;1
697;1
698;1
699;1
700;1
701;1
702;1
703;1
704;1
705;1
706;1
707;1
708;1
709;1
710;1
711;1
712;1
713;1
714;1
715;1
716;1
717;1
718;1
719;1
720;1
721;1
722;1
723;1
724;1
725;1
726;1
727;1
728;1
729;1
730;1
731;1
732;1
733;1
734;1
735;1
736;1
737;1
738;1
739;1
740;1
741;1
742;1
743;1
744;1
745;1
746;1
747;1
748;1
749;1
750;1
751;1
752;1
753;1
754;1
755;1
756;1
757;1
758;1
759;1
760;1
761;1
762;1
763;1
764;1
765;1
766;1
767;1
768;1
769;1
770;1
771;1
772;1
773;1
774;1
775;1
776;1
777;1
778;1
779;1
780;1
781;1
782;1
783;1
784;1
785;1
786;1
787;1
788;1
789;1
790;1
791;1
792;1
793;1
794;1
795;1
796;1
797;1
798;1
799;1
800;1
801;1
802;1
803;1
804;1
805;1
806;1
807;1
808;1
809;1
810;1
811;1
812;1
813;1
814;1
815;1
816;1
817;1
818;1
819;1
820;1
821;1
822;1
823;1
824;1
825;1
826;1
827;1
828;1
829;1
830;1
831;1
832;1
833;1
834;1
835;1
836;1
837;1
838;1
839;1
840;1
841;1
842;1
843;1
844;1
845;1
846;1
847;1
848;1
849;1
850;1
851;1
852;1
853;1
854;1
855;1
856;1
857;1
858;1
859;1
860;1
861;1
862;1
863;1
864;1
865;1
866;1
867;1
868;1
869;1
870;1
871;1
872;1
873;1
874;1
875;1
876;1
877;1
878;1
879;1
880;1
881;1
882;1
883;1
884;1
885;1
886;1
887;1
888;1
889;1
890;1
891;1
892;1
893;1
894;1
895;1
896;1
897;1
898;1
899;1
900;1
901;1
902;1
903;1
904;1
905;1
906;1
907;1
908;1
909;1
910;1
911;1
912;1
913;1
914;1
915;1
916;1
917;1
918;1
919;1
920;1
921;1
922;1
923;1
924;1
925;1
926;1
927;1
928;1
929;1
930;1
931;1
932;1
933;1
934;1
935;1
936;1
937;1
938;1
939;1
940;1
941;1
942;1
943;1
944;1
945;1
946;1
947;1
948;1
949;1
950;1
951;1
952;1
953;1
954;1
955;1
956;1
957;1
958;1
959;1
960;1
961;1
962;1
963;1
964;1
965;1
966;1
967;1
968;1
969;1
970;1
971;1
972;1
973;1
974;1
975;1
976;1
977;1
978;1
979;1
980;1
981;1
982;1
983;1
984;1
985;1
986;1
987;1
988;1
989;1
990;1
991;1
992;1
993;1
994;1
995;1
996;1
997;1
998;1
999;1
1000;1
1001;1
1002;1
1003;1
1004;1
1005;1
1006;1
1007;1
1008;1
1009;1
1010;1
1011;1
1012;1
1013;1
1014;1
1015;1
1016;1
1017;1
1018;1
1019;1
1020;1
1021;1
1022;1
1023;1
1024;1
1025;1
1026;1
1027;1
1028;1
1029;1
1030;1
1031;1
1032;1
1033;1
1034;1
1035;1
1036;1
1037;1
1038;1
1039;1
1040;1
1041;1
1042;1
1043;1
1044;1
1045;1
1046;1
1047;1
1048;1
1049;1
1050;1
1051;1
1052;1
1053;1
1054;1
1055;1
1056;1
1057;1
1058;1
1059;1
1060;1
1061;1
1062;1
1063;1
1064;1
1065;1
1066;1
1067;1
1068;1
1069;1
1070;1
1071;1
1072;1
1073;1
1074;1
1075;1
1076;1
1077;1
1078;1
1079;1
1080;1
1081;1
1082;1
1083;1
1084;1
1085;1
1086;1
1087;1
1088;1
1089;1
1090;1
1091;1
1092;1
1093;1
1094;1
1095;1
1096;1
1097;1
1098;1
1099;1
1100;1
1101;1
1102;1
1103;1
1104;1
1105;1
1106;1
1107;1
1108;1
1109;1
1110;1
1111;1
1112;1
1113;1
1114;1
1115;1
1116;1
1117;1
1118;1
1119;1
1120;1
1121;1
1122;1
1123;1
1124;1
1125;1
1126;1
1127;1
1128;1
1129;1
1130;1
1131;1
1132;1
1133;1
1134;1
1135;1
1136;1
1137;1
1138;1
1139;1
1140;1
1141;1
1142;1
1143;1
1144;1
1145;1
1146;1
1147;1
1148;1
1149;1
1150;1
1151;1
1152;1
1153;1
1154;1
1155;1
1156;1
1157;1
1158;1
1159;1
1160;1
1161;1
1162;1
1163;1
1164;1
1165;1
1166;1
1167;1
1168;1
1169;1
1170;1
1171;1
1172;1
1173;1
1174;1
1175;1
1176;1
1177;1
1178;1
1179;1
1180;1
1181;1
1182;1
1183;1
1184;1
1185;1
1186;1
1187;1
1188;1
1189;1
1190;1
1191;1
1192;1
1193;1
1194;1
1195;1
1196;1
1197;1
1198;1
1199;1
1200;1
1201;1
1202;1
1203;1
1204;1
1205;1
1206;1
1207;1
1208;1
1209;1
1210;1
1211;1
1212;1
1213;1
1214;1
1215;1
1216;1
1217;1
1218;1
1219;1
1220;1
1221;1
1222;1
1223;1
1224;1
1225;1
1226;1
1227;1
1228;1
1229;1
1230;1
1231;1
1232;1
1233;1
1234;1
1235;1
1236;1
1237;1
1238;1
1239;1
1240;1
1241;1
1242;1
1243;1
1244;1
1245;1
1246;1
1247;1
1248;1
1249;1
1250;1
1251;1
1252;1
1253;1
1254;1
1255;1
1256;1
1257;1
1258;1
1259;1
1260;1
1261;1
1262;1
1263;1
1264;1
1265;1
1266;1
1267;1
1268;1
1269;1
1270;1
1271;1
1272;1
1273;1
1274;1
1275;1
1276;1
1277;1
1278;1
1279;1
1280;1
1281;1
1282;1
1283;1
1284;1
1285;1
1286;1
1287;1
1288;1
1289;1
1290;1
1291;1
1292;1
1293;1
1294;1
1295;1
1296;1
1297;1
1298;1
1299;1
1300;1
1301;1
1302;1
1303;1
1304;1
1305;1
1306;1
1307;1
1308;1
1309;1
1310;1
1311;1
1312;1
1313;1
1314;1
1315;1
1316;1
1317;1
1318;1
1319;1
1320;1
1321;1
1322;1
1323;1
1324;1
1325;1
1326;1
1327;1
1328;1
1329;1
1330;1
1331;1
1332;1
1333;1
1334;1
1335;1
1336;1
1337;1
1338;1
1339;1
1340;1
1341;1
1342;1
1343;1
1344;1
1345;1
1346;1
1347;1
1348;1
1349;1
1350;1
1351;1
1352;1
1353;1
1354;1
1355;1
1356;1
1357;1
1358;1
1359;1
1360;1
1361;1
1362;1
1363;1
1364;1
1365;1
1366;1
1367;1
1368;1
1369;1
1370;1
1371;1
1372;1
1373;1
1374;1
1375;1
1376;1
1377;1
1378;1
1379;1
1380;1
1381;1
1382;1
1383;1
1384;1
1385;1
1386;1
1387;1
1388;1
1389;1
1390;1
1391;1
1392;1
1393;1
1394;1
1395;1
1396;1
1397;1
1398;1
1399;1
1400;1
1401;1
1402;1
1403;1
1404;1
1405;1
1406;1
1407;1
1408;1
1409;1
1410;1
1411;1
1412;1
1413;1
1414;1
1415;1
1416;1
1417;1
1418;1
1419;1
1420;1
1421;1
1422;1
1423;1
1424;1
1425;1
1426;1
1427;1
1428;1
1429;1
1430;1
1431;1
1432;1
1433;1
1434;1
1435;1
1436;1
1437;1
1438;1
1439;1
1440;1
1441;1
1442;1
1443;1
1444;1
1445;1
1446;1
1447;1
1448;1
1449;1
1450;1
1451;1
1452;1
1453;1
1454;1
1455;1
1456;1
1457;1
1458;1
1459;1
1460;1
1461;1
1462;1
1463;1
1464;1
1465;1
1466;1
1467;1
1468;1
1469;1
1470;1
1471;1
1472;1
1473;1
1474;1
1475;1
1476;1
1477;1
1478;1
1479;1
1480;1
1481;1
1482;1
1483;1
1484;1
1485;1
1486;1
1487;1
1488;1
1489;1
1490;1
1491;1
1492;1
1493;1
1494;1
1495;1
1496;1
1497;1
1498;1
1499;1
1500;1
1501;2
1502;2
1503;2
1504;2
1505;2
1506;2
1507;2
1508;2
1509;2
1510;2
1511;2
1512;2
1513;2
1514;2
1515;2
1516;2
1517;2
1518;2
1519;2
1520;2
1521;2
1522;2
1523;2
1524;2
1525;2
1526;2
1527;2
1528;2
1529;2
1530;2
1531;2
1532;2
1533;2
1534;2
1535;2
1536;2
1537;2
1538;2
1539;2
1540;2
1541;2
1542;2
1543;2
1544;2
1545;2
1546;2
1547;2
1548;2
1549;2
1550;2
1551;2
1552;2
1553;2
1554;2
1555;2
1556;2
1557;2
1558;2
1559;2
1560;2
1561;2
1562;2
1563;2
1564;2
1565;2
1566;2
1567;2
1568;2
1569;2
1570;2
1571;2
1572;2
1573;2
1574;2
1575;2
1576;2
1577;2
1578;2
1579;2
1580;2
1581;2
1582;2
1583;2
1584;2
1585;2
1586;2
1587;2
1588;2
1589;2
1590;2
1591;2
1592;2
1593;2
1594;2
1595;2
1596;2
1597;2
1598;2
1599;2
1600;2
1601;2
1602;2
1603;2
1604;2
1605;2
1606;2
1607;2
1608;2
1609;2
1610;2
1611;2
1612;2
1613;2
1614;2
1615;2
1616;2
1617;2
1618;2
1619;2
1620;2
1621;2
1622;2
1623;2
1624;2
1625;2
1626;2
1627;2
1628;2
1629;2
1630;2
1631;2
1632;2
1633;2
1634;2
1635;2
1636;2
1637;2
1638;2
1639;2
1640;2
1641;2
1642;2
1643;2
1644;2
1645;2
1646;2
1647;2
1648;2
1649;2
1650;2
1651;2
1652;2
1653;2
1654;2
1655;2
1656;2
1657;2
1658;2
1659;2
1660;2
1661;2
1662;2
1663;2
1664;2
1665;2
1666;2
1667;2
1668;2
1669;2
1670;2
1671;2
1672;2
1673;2
1674;2
1675;2
1676;2
1677;2
1678;2
1679;2
1680;2
1681;2
1682;2
1683;2
1684;2
1685;2
1686;2
1687;2
1688;2
1689;2
1690;2
1691;2
1692;2
1693;2
1694;2
1695;2
1696;2
1697;2
1698;2
1699;2
1700;2
1701;2
1702;2
1703;2
1704;2
1705;2
1706;2
1707;2
1708;2
1709;2
1710;2
1711;2
1712;2
1713;2
1714;2
1715;2
1716;2
1717;2
1718;2
1719;2
1720;2
1721;2
1722;2
1723;2
1724;2
1725;2
1726;2
1727;2
1728;2
1729;2
1730;2
1731;2
1732;2
1733;2
1734;2
1735;2
1736;2
1737;2
1738;2
1739;2
1740;2
1741;2
1742;2
1743;2
1744;2
1745;2
1746;2
1747;2
1748;2
1749;2
1750;2
1751;2
1752;2
1753;2
1754;2
1755;2
1756;2
1757;2
1758;2
1759;2
1760;2
1761;2
1762;2
1763;2
1764;2
1765;2
1766;2
1767;2
1768;2
1769;2
1770;2
1771;2
1772;2
1773;2
1774;2
1775;2
1776;2
1777;2
1778;2
1779;2
1780;2
1781;2
1782;2
1783;2
1784;2
1785;2
1786;2
1787;2
1788;2
1789;2
1790;2
1791;2
1792;2
1793;2
1794;2
1795;2
1796;2
1797;2
1798;2
1799;2
1800;2
1801;2
1802;2
1803;2
1804;2
1805;2
1806;2
1807;2
1808;2
1809;2
1810;2
1811;2
1812;2
1813;2
1814;2
1815;2
1816;2
1817;2
1818;2
1819;2
1820;2
1821;2
1822;2
1823;2
1824;2
1825;2
1826;2
1827;2
1828;2
1829;2
1830;2
1831;2
1832;2
1833;2
1834;2
1835;2
1836;2
1837;2
1838;2
1839;2
1840;2
1841;2
1842;2
1843;2
1844;2
1845;2
1846;2
1847;2
1848;2
1849;2
1850;2
1851;2
1852;2
1853;2
1854;2
1855;2
1856;2
1857;2
1858;2
1859;2
1860;2
1861;2
1862;2
1863;2
1864;2
1865;2
1866;2
1867;2
1868;2
1869;2
1870;2
1871;2
1872;2
1873;2
1874;2
1875;2
1876;2
1877;2
1878;2
1879;2
1880;2
1881;2
1882;2
1883;2
1884;2
1885;2
1886;2
1887;2
1888;2
1889;2
1890;2
1891;2
1892;2
1893;2
1894;2
1895;2
1896;2
1897;2
1898;2
1899;2
1900;2
1901;2
1902;2
1903;2
1904;2
1905;2
1906;2
1907;2
1908;2
1909;2
1910;2
1911;2
1912;2
1913;2
1914;2
1915;2
1916;2
1917;2
1918;2
1919;2
1920;2
1921;2
1922;2
1923;2
1924;2
1925;2
1926;2
1927;2
1928;2
1929;2
1930;2
1931;2
1932;2
1933;2
1934;2
1935;2
1936;2
1937;2
1938;2
1939;2
1940;2
1941;2
1942;2
1943;2
1944;2
1945;2
1946;2
1947;2
1948;2
1949;2
1950;2
1951;2
1952;2
1953;2
1954;2
1955;2
1956;2
1957;2
1958;2
1959;2
1960;2
1961;2
1962;2
1963;2
1964;2
1965;2
1966;2
1967;2
1968;2
1969;2
1970;2
1971;2
1972;2
1973;2
1974;2
1975;2
1976;2
1977;2
1978;2
1979;2
1980;2
1981;2
1982;2
1983;2
1984;2
1985;2
1986;2
1987;2
1988;2
1989;2
1990;2
1991;2
1992;2
1993;2
1994;2
1995;2
1996;2
1997;2
1998;2
1999;2
2000;2
2001;2
2002;2
2003;2
2004;2
2005;2
2006;2
2007;2
2008;2
2009;2
2010;2
2011;2
2012;2
2013;2
2014;2
2015;2
2016;2
2017;2
2018;2
2019;2
2020;2
2021;2
2022;2
2023;2
2024;2
2025;2
2026;2
2027;2
2028;2
2029;2
2030;2
2031;2
2032;2
2033;2
2034;2
2035;2
2036;2
2037;2
2038;2
2039;2
2040;2
2041;2
2042;2
2043;2
2044;2
2045;2
2046;2
2047;2
2048;2
2049;2
2050;2
2051;2
2052;2
2053;2
2054;2
2055;2
2056;2
2057;2
2058;2
2059;2
2060;2
2061;2
2062;2
2063;2
2064;2
2065;2
2066;2
2067;2
2068;2
2069;2
2070;2
2071;2
2072;2
2073;2
2074;2
2075;2
2076;2
2077;2
2078;2
2079;2
2080;2
2081;2
2082;2
2083;2
2084;2
2085;2
2086;2
2087;2
2088;2
2089;2
2090;2
2091;2
2092;2
2093;2
2094;2
2095;2
2096;2
2097;2
2098;2
2099;2
2100;2
2101;2
2102;2
2103;2
2104;2
2105;2
2106;2
2107;2
2108;2
2109;2
2110;2
2111;2
2112;2
2113;2
2114;2
2115;2
2116;2
2117;2
2118;2
2119;2
2120;2
2121;2
2122;2
2123;2
2124;2
2125;2
2126;2
2127;2
2128;2
2129;2
2130;2
2131;2
2132;2
2133;2
2134;2
2135;2
2136;2
2137;2
2138;2
2139;2
2140;2
2141;2
2142;2
2143;2
2144;2
2145;2
2146;2
2147;2
2148;2
2149;2
2150;2
2151;2
2152;2
2153;2
2154;2
2155;2
2156;2
2157;2
2158;2
2159;2
2160;2
2161;2
2162;2
2163;2
2164;2
2165;2
2166;2
2167;2
2168;2
2169;2
2170;2
2171;2
2172;2
2173;2
2174;2
2175;2
2176;2
2177;2
2178;2
2179;2
2180;2
2181;2
2182;2
2183;2
2184;2
2185;2
2186;2
2187;2
2188;2
2189;2
2190;2
2191;2
2192;2
2193;2
2194;2
2195;2
2196;2
2197;2
2198;2
2199;2
2200;2
2201;2
2202;2
2203;2
2204;2
2205;2
2206;2
2207;2
2208;2
2209;2
2210;2
2211;2
2212;2
2213;2
2214;2
2215;2
2216;2
2217;2
2218;2
2219;2
2220;2
2221;2
2222;2
2223;2
2224;2
2225;2
2226;2
2227;2
2228;2
2229;2
2230;2
2231;2
2232;2
2233;2
2234;2
2235;2
2236;2
2237;2
2238;2
2239;2
2240;2
2241;2
2242;2
2243;2
2244;2
2245;2
2246;2
2247;2
2248;2
2249;2
2250;2
2251;2
2252;2
2253;2
2254;2
2255;2
2256;2
2257;2
2258;2
2259;2
2260;2
2261;2
2262;2
2263;2
2264;2
2265;2
2266;2
2267;2
2268;2
2269;2
2270;2
2271;2
2272;2
2273;2
2274;2
2275;2
2276;2
2277;2
2278;2
2279;2
2280;2
2281;2
2282;2
2283;2
2284;2
2285;2
2286;2
2287;2
2288;2
2289;2
2290;2
2291;2
2292;2
2293;2
2294;2
2295;2
2296;2
2297;2
2298;2
2299;2
2300;2
2301;2
2302;2
2303;2
2304;2
2305;2
2306;2
2307;2
2308;2
2309;2
2310;2
2311;2
2312;2
2313;2
2314;2
2315;2
2316;2
2317;2
2318;2
2319;2
2320;2
2321;2
2322;2
2323;2
2324;2
2325;2
2326;2
2327;2
2328;2
2329;2
2330;2
2331;2
2332;2
2333;2
2334;2
2335;2
2336;2
2337;2
2338;2
2339;2
2340;2
2341;2
2342;2
2343;2
2344;2
2345;2
2346;2
2347;2
2348;2
2349;2
2350;2
2351;2
2352;2
2353;2
2354;2
2355;2
2356;2
2357;2
2358;2
2359;2
2360;2
2361;2
2362;2
2363;2
2364;2
2365;2
2366;2
2367;2
2368;2
2369;2
2370;2
2371;2
2372;2
2373;2
2374;2
2375;2
2376;2
2377;2
2378;2
2379;2
2380;2
2381;2
2382;2
2383;2
2384;2
2385;2
2386;2
2387;2
2388;2
2389;2
2390;2
2391;2
2392;2
2393;2
2394;2
2395;2
2396;2
2397;2
2398;2
2399;2
2400;2
2401;2
2402;2
2403;2
2404;2
2405;2
2406;2
2407;2
2408;2
2409;2
2410;2
2411;2
2412;2
2413;2
2414;2
2415;2
2416;2
2417;2
2418;2
2419;2
2420;2
2421;2
2422;2
2423;2
2424;2
2425;2
2426;2
2427;2
2428;2
2429;2
2430;2
2431;2
2432;2
2433;2
2434;2
2435;2
2436;2
2437;2
2438;2
2439;2
2440;2
2441;2
2442;2
2443;2
2444;2
2445;2
2446;2
2447;2
2448;2
2449;2
2450;2
2451;2
2452;2
2453;2
2454;2
2455;2
2456;2
2457;2
2458;2
2459;2
2460;2
2461;2
2462;2
2463;2
2464;2
2465;2
2466;2
2467;2
2468;2
2469;2
2470;2
2471;2
2472;2
2473;2
2474;2
2475;2
2476;2
2477;2
2478;2
2479;2
2480;2
2481;2
2482;2
2483;2
2484;2
2485;2
2486;2
2487;2
2488;2
2489;2
2490;2
2491;2
2492;2
2493;2
2494;2
2495;2
2496;2
2497;2
2498;2
2499;2
2500;2
2501;2
2502;2
2503;2
2504;2
2505;2
2506;2
2507;2
2508;2
2509;2
2510;2
2511;2
2512;2
2513;2
2514;2
2515;2
2516;2
2517;2
2518;2
2519;2
2520;2
2521;2
2522;2
2523;2
2524;2
2525;2
2526;2
2527;2
2528;2
2529;2
2530;2
2531;2
2532;2
2533;2
2534;2
2535;2
2536;2
2537;2
2538;2
2539;2
2540;2
2541;2
2542;2
2543;2
2544;2
2545;2
2546;2
2547;2
2548;2
2549;2
2550;2
2551;2
2552;2
2553;2
2554;2
2555;2
2556;2
2557;2
2558;2
2559;2
2560;2
2561;2
2562;2
2563;2
2564;2
2565;2
2566;2
2567;2
2568;2
2569;2
2570;2
2571;2
2572;2
2573;2
2574;2
2575;2
2576;2
2577;2
2578;2
2579;2
2580;2
2581;2
2582;2
2583;2
2584;2
2585;2
2586;2
2587;2
2588;2
2589;2
2590;2
2591;2
2592;2
2593;2
2594;2
2595;2
2596;2
2597;2
2598;2
2599;2
2600;2
2601;2
2602;2
2603;2
2604;2
2605;2
2606;2
2607;2
2608;2
2609;2
2610;2
2611;2
2612;2
2613;2
2614;2
2615;2
2616;2
2617;2
2618;2
2619;2
2620;2
2621;2
2622;2
2623;2
2624;2
2625;2
2626;2
2627;2
2628;2
2629;2
2630;2
2631;2
2632;2
2633;2
2634;2
2635;2
2636;2
2637;2
2638;2
2639;2
2640;2
2641;2
2642;2
2643;2
2644;2
2645;2
2646;2
2647;2
2648;2
2649;2
2650;2
2651;2
2652;2
2653;2
2654;2
2655;2
2656;2
2657;2
2658;2
2659;2
2660;2
2661;2
2662;2
2663;2
2664;2
2665;2
2666;2
2667;2
2668;2
2669;2
2670;2
2671;2
2672;2
2673;2
2674;2
2675;2
2676;2
2677;2
2678;2
2679;2
2680;2
2681;2
2682;2
2683;2
2684;2
2685;2
2686;2
2687;2
2688;2
2689;2
2690;2
2691;2
2692;2
2693;2
2694;2
2695;2
2696;2
2697;2
2698;2
2699;2
2700;2
2701;2
2702;2
2703;2
2704;2
2705;2
2706;2
2707;2
2708;2
2709;2
2710;2
2711;2
2712;2
2713;2
2714;2
2715;2
2716;2
2717;2
2718;2
2719;2
2720;2
2721;2
2722;2
2723;2
2724;2
2725;2
2726;2
2727;2
2728;2
2729;2
2730;2
2731;2
2732;2
2733;2
2734;2
2735;2
2736;2
2737;2
2738;2
2739;2
2740;2
2741;2
2742;2
2743;2
2744;2
2745;2
2746;2
2747;2
2748;2
2749;2
2750;2
2751;2
2752;2
2753;2
2754;2
2755;2
2756;2
2757;2
2758;2
2759;2
2760;2
2761;2
2762;2
2763;2
2764;2
2765;2
2766;2
2767;2
2768;2
2769;2
2770;2
2771;2
2772;2
2773;2
2774;2
2775;2
2776;2
2777;2
2778;2
2779;2
2780;2
2781;2
2782;2
2783;2
2784;2
2785;2
2786;2
2787;2
2788;2
2789;2
2790;2
2791;2
2792;2
2793;2
2794;2
2795;2
2796;2
2797;2
2798;2
2799;2
2800;2
2801;2
2802;2
2803;2
2804;2
2805;2
2806;2
2807;2
2808;2
2809;2
2810;2
2811;2
2812;2
2813;2
2814;2
2815;2
2816;2
2817;2
2818;2
2819;2
2820;2
2821;2
2822;2
2823;2
2824;2
2825;2
2826;2
2827;2
2828;2
2829;2
2830;2
2831;2
2832;2
2833;2
2834;2
2835;2
2836;2
2837;2
2838;2
2839;2
2840;2
2841;2
2842;2
2843;2
2844;2
2845;2
2846;2
2847;2
2848;2
2849;2
2850;2
2851;2
2852;2
2853;2
2854;2
2855;2
2856;2
2857;2
2858;2
2859;2
2860;2
2861;2
2862;2
2863;2
2864;2
2865;2
2866;2
2867;2
2868;2
2869;2
2870;2
2871;2
2872;2
2873;2
2874;2
2875;2
2876;2
2877;2
2878;2
2879;2
2880;2
2881;2
2882;2
2883;2
2884;2
2885;2
2886;2
2887;2
2888;2
2889;2
2890;2
2891;2
2892;2
2893;2
2894;2
2895;2
2896;2
2897;2
2898;2
2899;2
2900;2
2901;2
2902;2
2903;2
2904;2
2905;2
2906;2
2907;2
2908;2
2909;2
2910;2
2911;2
2912;2
2913;2
2914;2
2915;2
2916;2
2917;2
2918;2
2919;2
2920;2
2921;2
2922;2
2923;2
2924;2
2925;2
2926;2
2927;2
2928;2
2929;2
2930;2
2931;2
2932;2
2933;2
2934;2
2935;2
2936;2
2937;2
2938;2
2939;2
2940;2
2941;2
2942;2
2943;2
2944;2
2945;2
2946;2
2947;2
2948;2
2949;2
2950;2
2951;2
2952;2
2953;2
2954;2
2955;2
2956;2
2957;2
2958;2
2959;2
2960;2
2961;2
2962;2
2963;2
2964;2
2965;2
2966;2
2967;2
2968;2
2969;2
2970;2
2971;2
2972;2
2973;2
2974;2
2975;2
2976;2
2977;2
2978;2
2979;2
2980;2
2981;2
2982;2
2983;2
2984;2
2985;2
2986;2
2987;2
2988;2
2989;2
2990;2
2991;2
2992;2
2993;2
2994;2
2995;2
2996;2
2997;2
2998;2
2999;2
3000;2
3001;2
3002;2
3003;2
3004;2
3005;2
3006;2
3007;2
3008;2
3009;2
3010;2
3011;2
3012;2
3013;2
3014;2
3015;2
3016;2
3017;2
3018;2
3019;2
3020;2
3021;2
3022;2
3023;2
3024;2
3025;2
3026;2
3027;2
3028;2
3029;2
3030;2
3031;2
3032;2
3033;2
3034;2
3035;2
3036;2
3037;2
3038;2
3039;2
3040;2
3041;2
3042;2
3043;2
3044;2
3045;2
3046;2
3047;2
3048;2
3049;2
3050;2
3051;2
3052;2
3053;2
3054;2
3055;2
3056;2
3057;2
3058;2
3059;2
3060;2
3061;2
3062;2
3063;2
3064;2
3065;2
3066;2
3067;2
3068;2
3069;2
3070;2
3071;2
3072;2
3073;2
3074;2
3075;2
3076;2
3077;2
3078;2
3079;2
3080;2
3081;2
3082;2
3083;2
3084;2
3085;2
3086;2
3087;2
3088;2
3089;2
3090;2
3091;2
3092;2
3093;2
3094;2
3095;2
3096;2
3097;2
3098;2
3099;2
3100;2
3101;2
3102;2
3103;2
3104;2
3105;2
3106;2
3107;2
3108;2
3109;2
3110;2
3111;2
3112;2
3113;2
3114;2
3115;2
3116;2
3117;2
3118;2
3119;2
3120;2
3121;2
3122;2
3123;2
3124;2
3125;2
3126;2
3127;2
3128;2
3129;2
3130;2
3131;2
3132;2
3133;2
3134;2
3135;2
3136;2
3137;2
3138;2
3139;2
3140;2
3141;2
3142;2
3143;2
3144;2
3145;2
3146;2
3147;2
3148;2
3149;2
3150;2
3151;2
3152;2
3153;2
3154;2
3155;2
3156;2
3157;2
3158;2
3159;2
3160;2
3161;2
3162;2
3163;2
3164;2
3165;2
3166;2
3167;2
3168;2
3169;2
3170;2
3171;2
3172;2
3173;2
3174;2
3175;2
3176;2
3177;2
3178;2
3179;2
3180;2
3181;2
3182;2
3183;2
3184;2
3185;2
3186;2
3187;2
3188;2
3189;2
3190;2
3191;2
3192;2
3193;2
3194;2
3195;2
3196;2
3197;2
3198;2
3199;2
3200;2
3201;2
3202;2
3203;2
3204;2
3205;2
3206;2
3207;2
3208;2
3209;2
3210;2
3211;2
3212;2
3213;2
3214;2
3215;2
3216;2
3217;2
3218;2
3219;2
3220;2
3221;2
3222;2
3223;2
3224;2
3225;2
3226;2
3227;2
3228;2
3229;2
3230;2
3231;2
3232;2
3233;2
3234;2
3235;2
3236;2
3237;2
3238;2
3239;2
3240;2
3241;2
3242;2
3243;2
3244;2
3245;2
3246;2
3247;2
3248;2
3249;2
3250;2
3251;2
3252;2
3253;2
3254;2
3255;2
3256;2
3257;2
3258;2
3259;2
3260;2
3261;2
3262;2
3263;2
3264;2
3265;2
3266;2
3267;2
3268;2
3269;2
3270;2
3271;2
3272;2
3273;2
3274;2
3275;2
3276;2
3277;2
3278;2
3279;2
3280;2
3281;2
3282;2
3283;2
3284;2
3285;2
3286;2
3287;2
3288;2
3289;2
3290;2
3291;2
3292;2
3293;2
3294;2
3295;2
3296;2
3297;2
3298;2
3299;2
3300;2
3301;2
3302;2
3303;2
3304;2
3305;2
3306;2
3307;2
3308;2
3309;2
3310;2
3311;2
3312;2
3313;2
3314;2
3315;2
3316;2
3317;2
3318;2
3319;2
3320;2
3321;2
3322;2
3323;2
3324;2
3325;2
3326;2
3327;2
3328;2
3329;2
3330;2
3331;2
3332;2
3333;2
3334;2
3335;2
3336;2
3337;2
3338;2
3339;2
3340;2
3341;2
3342;2
3343;2
3344;2
3345;2
3346;2
3347;2
3348;2
3349;2
3350;2
3351;2
3352;2
3353;2
3354;2
3355;2
3356;2
3357;2
3358;2
3359;2
3360;2
3361;2
3362;2
3363;2
3364;2
3365;2
3366;2
3367;2
3368;2
3369;2
3370;2
3371;2
3372;2
3373;2
3374;2
3375;2
3376;2
3377;2
3378;2
3379;2
3380;2
3381;2
3382;2
3383;2
3384;2
3385;2
3386;2
3387;2
3388;2
3389;2
3390;2
3391;2
3392;2
3393;2
3394;2
3395;2
3396;2
3397;2
3398;2
3399;2
3400;2
3401;2
3402;2
3403;2
3404;2
3405;2
3406;2
3407;2
3408;2
3409;2
3410;2
3411;2
3412;2
3413;2
3414;2
3415;2
3416;2
3417;2
3418;2
3419;2
3420;2
3421;2
3422;2
3423;2
3424;2
3425;2
3426;2
3427;2
3428;2
3429;2
3430;2
3431;2
3432;2
3433;2
3434;2
3435;2
3436;2
3437;2
3438;2
3439;2
3440;2
3441;2
3442;2
3443;2
3444;2
3445;2
3446;2
3447;2
3448;2
3449;2
3450;2
3451;2
3452;2
3453;2
3454;2
3455;2
3456;2
3457;2
3458;2
3459;2
3460;2
3461;2
3462;2
3463;2
3464;2
3465;2
3466;2
3467;2
3468;2
3469;2
3470;2
3471;2
3472;2
3473;2
3474;2
3475;2
3476;2
3477;2
3478;2
3479;2
3480;2
3481;2
3482;2
3483;2
3484;2
3485;2
3486;2
3487;2
3488;2
3489;2
3490;2
3491;2
3492;2
3493;2
3494;2
3495;2
3496;2
3497;2
3498;2
3499;2
3500;2
3501;2
3502;2
3503;2
3504;2
3505;2
3506;2
3507;2
3508;2
3509;2
3510;2
3511;2
3512;2
3513;2
3514;2
3515;2
3516;2
3517;2
3518;2
3519;2
3520;2
3521;2
3522;2
3523;2
3524;2
3525;2
3526;2
3527;2
3528;2
3529;2
3530;2
3531;2
3532;2
3533;2
3534;2
3535;2
3536;2
3537;2
3538;2
3539;2
3540;2
3541;2
3542;2
3543;2
3544;2
3545;2
3546;2
3547;2
3548;2
3549;2
3550;2
3551;2
3552;2
3553;2
3554;2
3555;2
3556;2
3557;2
3558;2
3559;2
3560;2
3561;2
3562;2
3563;2
3564;2
3565;2
3566;2
3567;2
3568;2
3569;2
3570;2
3571;2
3572;2
3573;2
3574;2
3575;2
3576;2
3577;2
3578;2
3579;2
3580;2
3581;2
3582;2
3583;2
3584;2
3585;2
3586;2
3587;2
3588;2
3589;2
3590;2
3591;2
3592;2
3593;2
3594;2
3595;2
3596;2
3597;2
3598;2
3599;2
3600;2
3601;2
3602;2
3603;2
3604;2
3605;2
3606;2
3607;2
3608;2
3609;2
3610;2
3611;2
3612;2
3613;2
3614;2
3615;2
3616;2
3617;2
3618;2
3619;2
3620;2
3621;2
3622;2
3623;2
3624;2
3625;2
3626;2
3627;2
3628;2
3629;2
3630;2
3631;2
3632;2
3633;2
3634;2
3635;2
3636;2
3637;2
3638;2
3639;2
3640;2
3641;2
3642;2
3643;2
3644;2
3645;2
3646;2
3647;2
3648;2
3649;2
3650;2
3651;2
3652;2
3653;2
3654;2
3655;3
3656;3
3657;3
3658;3
3659;3
3660;3
3661;3
3662;3
3663;3
3664;3
3665;3
3666;3
3667;3
3668;3
3669;3
3670;3
3671;3
3672;3
3673;3
3674;3
3675;3
3676;3
3677;3
3678;3
3679;3
3680;3
3681;3
3682;3
3683;3
3684;3
3685;3
3686;3
3687;3
3688;3
3689;3
3690;3
3691;3
3692;3
3693;3
3694;3
3695;3
3696;3
3697;3
3698;3
3699;3
3700;3
3701;3
3702;3
3703;3
3704;3
3705;3
3706;3
3707;3
3708;3
3709;3
3710;3
3711;3
3712;3
3713;3
3714;3
3715;3
3716;3
3717;3
3718;3
3719;3
3720;3
3721;3
3722;3
3723;3
3724;3
3725;3
3726;3
3727;3
3728;3
3729;3
3730;3
3731;3
3732;3
3733;3
3734;3
3735;3
3736;3
3737;3
3738;3
3739;3
3740;3
3741;3
3742;3
3743;3
3744;3
3745;3
3746;3
3747;3
3748;3
3749;3
3750;3
3751;3
3752;3
3753;3
3754;3
3755;3
3756;3
3757;3
3758;3
3759;3
3760;3
3761;3
3762;3
3763;3
3764;3
3765;3
3766;3
3767;3
3768;3
3769;3
3770;3
3771;3
3772;3
3773;3
3774;3
3775;3
3776;3
3777;3
3778;3
3779;3
3780;3
3781;3
3782;3
3783;3
3784;3
3785;3
3786;3
3787;3
3788;3
3789;3
3790;3
3791;3
3792;3
3793;3
3794;3
3795;3
3796;3
3797;3
3798;3
3799;3
3800;3
3801;3
3802;3
3803;3
3804;3
3805;3
3806;3
3807;3
3808;3
3809;3
3810;3
3811;3
3812;3
3813;3
3814;3
3815;3
3816;3
3817;3
3818;3
3819;3
3820;3
3821;3
3822;3
3823;3
3824;3
3825;3
3826;3
3827;3
3828;3
3829;3
3830;3
3831;3
3832;3
3833;3
3834;3
3835;3
3836;3
3837;3
3838;3
3839;3
3840;3
3841;3
3842;3
3843;3
3844;3
3845;3
3846;3
3847;3
3848;3
3849;3
3850;3
3851;3
3852;3
3853;3
3854;3
3855;3
3856;3
3857;3
3858;3
3859;3
3860;3
3861;3
3862;3
3863;3
3864;3
3865;3
3866;3
3867;3
3868;3
3869;3
3870;3
3871;3
3872;3
3873;3
3874;3
3875;3
3876;3
3877;3
3878;3
3879;3
3880;3
3881;3
3882;3
3883;3
3884;3
3885;3
3886;3
3887;3
3888;3
3889;3
3890;3
3891;3
3892;3
3893;3
3894;3
3895;3
3896;3
3897;3
3898;3
3899;3
3900;4
3901;4
3902;4
3903;4
3904;4
3905;4
3906;4
3907;4
3908;4
3909;4
3910;4
3911;4
3912;4
3913;4
3914;4
3915;4
3916;4
3917;4
3918;4
3919;4
3920;4
3921;4
3922;4
3923;4
3924;4
3925;4
3926;4
3927;4
3928;4
3929;4
3930;4
3931;4
3932;4
3933;4
3934;4
3935;4
3936;4
3937;4
3938;4
3939;4
3940;4
3941;4
3942;4
3943;4
3944;4
3945;4
3946;4
3947;4
3948;4
3949;4
3950;4
3951;4
3952;4
3953;4
3954;4
3955;4
3956;4
3957;4
3958;4
3959;4
3960;4
3961;4
3962;4
3963;4
3964;4
3965;4
3966;4
3967;4
3968;4
3969;4
3970;4
3971;4
3972;4
3973;4
3974;4
3975;4
3976;4
3977;4
3978;4
3979;4
3980;4
3981;4
3982;4
3983;4
3984;4
3985;4
3986;4
3987;4
3988;4
3989;4
3990;4
3991;4
3992;4
3993;4
3994;4
3995;4
3996;4
3997;4
3998;4
3999;4
4000;4
4001;4
4002;4
4003;4
4004;4
4005;4
4006;4
4007;4
4008;4
4009;4
4010;4
4011;4
4012;4
4013;4
4014;4
4015;4
4016;4
4017;4
4018;4
4019;4
4020;4
4021;4
4022;4
4023;4
4024;4
4025;4
4026;4
4027;4
4028;4
4029;4
4030;4
4031;4
4032;4
4033;4
4034;4
4035;4
4036;4
4037;4
4038;4
4039;4
4040;4
4041;4
4042;4
4043;4
4044;4
4045;4
4046;4
4047;4
4048;4
4049;4
4050;4
4051;4
4052;4
4053;4
4054;4
4055;4
4056;4
4057;4
4058;4
4059;4
4060;4
4061;4
4062;4
4063;4
4064;4
4065;4
4066;4
4067;4
4068;4
4069;4
4070;4
4071;4
4072;4
4073;4
4074;4
4075;4
4076;4
4077;4
4078;4
4079;4
4080;4
4081;4
4082;4
4083;4
4084;4
4085;4
4086;4
4087;4
4088;4
4089;4
4090;4
4091;4
4092;4
4093;4
4094;4
4095;4
4096;4
4097;4
4098;4
4099;4
4100;4
4101;4
4102;4
4103;4
4104;4
4105;4
4106;4
4107;4
4108;4
4109;4
4110;4
4111;4
4112;4
4113;4
4114;4
4115;4
4116;4
4117;4
4118;4
4119;4
4120;4
4121;4
4122;4
4123;4
4124;4
4125;4
4126;4
4127;4
4128;4
4129;4
4130;4
4131;4
4132;4
4133;4
4134;4
4135;4
4136;4
4137;4
4138;4
4139;4
4140;4
4141;4
4142;4
4143;4
4144;4
4145;4
4146;4
4147;4
4148;4
4149;4
4150;4
4151;4
4152;4
4153;4
4154;4
4155;4
4156;4
4157;4
4158;4
4159;4
4160;4
4161;4
4162;4
4163;4
4164;4
4165;4
4166;4
4167;4
4168;4
4169;4
4170;4
4171;4
4172;4
4173;4
4174;4
4175;4
4176;4
4177;4
4178;4
4179;4
4180;4
4181;4
4182;4
4183;4
4184;4
4185;4
4186;4
4187;4
4188;4
4189;4
4190;4
4191;4
4192;4
4193;4
4194;4
4195;4
4196;4
4197;4
4198;4
4199;4
4200;4
4201;4
4202;4
4203;4
4204;4
4205;4
4206;4
4207;4
4208;4
4209;4
4210;4
4211;4
4212;4
4213;4
4214;4
4215;4
4216;4
4217;4
4218;4
4219;4
4220;4
4221;4
4222;4
4223;4
4224;4
4225;4
4226;4
4227;4
4228;4
4229;4
4230;4
4231;4
4232;4
4233;4
4234;4
4235;4
4236;4
4237;4
4238;4
4239;4
4240;4
4241;4
4242;4
4243;4
4244;4
4245;4
4246;4
4247;4
4248;4
4249;4
4250;4
4251;4
4252;4
4253;4
4254;4
4255;4
4256;4
4257;4
4258;4
4259;4
4260;4
4261;4
4262;4
4263;4
4264;4
4265;4
4266;4
4267;4
4268;4
4269;4
4270;4
4271;4
4272;4
4273;4
4274;4
4275;4
4276;4
4277;4
4278;4
4279;4
4280;4
4281;4
4282;4
4283;4
4284;4
4285;4
4286;4
4287;4
4288;4
4289;4
4290;4
4291;4
4292;4
4293;4
4294;4
4295;4
4296;4
4297;4
4298;4
4299;4
4300;4
4301;4
4302;4
4303;4
4304;4
4305;4
4306;4
4307;4
4308;4
4309;4
4310;4
4311;4
4312;4
4313;4
4314;4
4315;4
4316;4
4317;4
4318;4
4319;4
4320;4
4321;4
4322;4
4323;4
4324;4
4325;4
4326;4
4327;4
4328;4
4329;4
4330;4
4331;4
4332;4
4333;4
4334;4
4335;4
4336;4
4337;4
4338;4
4339;4
4340;4
4341;4
4342;4
4343;4
4344;4
4345;4
4346;4
4347;4
4348;4
4349;4
4350;4
4351;4
4352;4
4353;4
4354;4
4355;4
4356;4
4357;4
4358;4
4359;4
4360;4
4361;4
4362;4
4363;4
4364;4
4365;4
4366;4
4367;4
4368;4
4369;4
4370;4
4371;4
4372;4
4373;4
4374;4
4375;4
4376;4
4377;4
4378;4
4379;4
4380;4
4381;4
4382;4
4383;4
4384;4
4385;4
4386;4
4387;4
4388;4
4389;4
4390;4
4391;4
4392;4
4393;4
4394;4
4395;4
4396;4
4397;4
4398;4
4399;4
4400;4
4401;4
4402;4
4403;4
4404;4
4405;4
4406;4
4407;4
4408;4
4409;4
4410;4
4411;4
4412;4
4413;4
4414;4
4415;4
4416;4
4417;4
4418;4
4419;4
4420;4
4421;4
4422;4
4423;4
4424;4
4425;4
4426;4
4427;4
4428;4
4429;4
4430;4
4431;4
4432;4
4433;4
4434;4
4435;4
4436;4
4437;4
4438;4
4439;4
4440;4
4441;4
4442;4
4443;4
4444;4
4445;4
4446;4
4447;4
4448;4
4449;4
4450;4
4451;4
4452;4
4453;4
4454;4
4455;4
4456;4
4457;4
4458;4
4459;4
4460;4
4461;4
4462;4
4463;4
4464;4
4465;4
4466;4
4467;4
4468;4
4469;4
4470;4
4471;4
4472;4
4473;4
4474;4
4475;4
4476;4
4477;4
4478;4
4479;4
4480;4
4481;4
4482;4
4483;4
4484;4
4485;4
4486;4
4487;4
4488;4
4489;4
4490;4
4491;4
4492;4
4493;4
4494;4
4495;4
4496;4
4497;4
4498;4
4499;4
4500;4
4501;4
4502;4
4503;4
4504;4
4505;4
4506;4
4507;4
4508;4
4509;4
4510;4
4511;4
4512;4
4513;4
4514;4
4515;4
4516;4
4517;4
4518;4
4519;4
4520;4
4521;4
4522;4
4523;4
4524;4
4525;4
4526;4
4527;4
4528;4
4529;4
4530;4
4531;4
4532;4
4533;4
4534;4
4535;4
4536;4
4537;4
4538;4
4539;4
4540;4
4541;4
4542;4
4543;4
4544;4
4545;4
4546;4
4547;4
4548;4
4549;4
4550;4
4551;4
4552;4
4553;4
4554;4
4555;4
4556;4
4557;4
4558;4
4559;4
4560;4
4561;4
4562;4
4563;4
4564;4
4565;4
4566;4
4567;4
4568;4
4569;4
4570;4
4571;4
4572;4
4573;4
4574;4
4575;4
4576;4
4577;4
4578;4
4579;4
4580;4
4581;4
4582;4
4583;4
4584;4
4585;4
4586;4
4587;4
4588;4
4589;4
4590;4
4591;4
4592;4
4593;4
4594;4
4595;4
4596;4
4597;4
4598;4
4599;4
4600;4
4601;4
4602;4
4603;4
4604;4
4605;4
4606;4
4607;4
4608;4
4609;4
4610;4
4611;4
4612;4
4613;4
4614;4
4615;4
4616;4
4617;4
4618;4
4619;4
4620;4
4621;4
4622;4
4623;4
4624;4
4625;4
4626;4
4627;4
4628;4
4629;4
4630;4
4631;4
4632;4
4633;4
4634;4
4635;4
4636;4
4637;4
4638;4
4639;4
4640;4
4641;4
4642;4
4643;4
4644;4
4645;4
4646;4
4647;4
4648;4
4649;4
4650;4
4651;4
4652;4
4653;4
4654;4
4655;4
4656;4
4657;4
4658;4
4659;4
4660;4
4661;4
4662;4
4663;4
4664;4
4665;4
4666;4
4667;4
4668;4
4669;4
4670;4
4671;4
4672;4
4673;4
4674;4
4675;4
4676;4
4677;4
4678;4
4679;4
4680;4
4681;4
4682;4
4683;4
4684;4
4685;4
4686;4
4687;4
4688;4
4689;4
4690;4
4691;4
4692;4
4693;4
4694;4
4695;4
4696;4
4697;4
4698;4
4699;4
4700;4
4701;4
4702;4
4703;4
4704;4
4705;4
4706;4
4707;4
4708;4
4709;4
4710;4
4711;4
4712;4
4713;4
4714;4
4715;4
4716;4
4717;4
4718;4
4719;4
4720;4
4721;4
4722;4
4723;4
4724;4
4725;4
4726;4
4727;4
4728;4
4729;4
4730;4
4731;4
4732;4
4733;4
4734;4
4735;4
4736;4
4737;4
4738;4
4739;4
4740;4
4741;4
4742;4
4743;4
4744;4
4745;4
4746;4
4747;4
4748;4
4749;4
4750;4
4751;4
4752;4
4753;4
4754;4
4755;4
4756;4
4757;4
4758;4
4759;4
4760;4
4761;4
4762;4
4763;4
4764;4
4765;4
4766;4
4767;4
4768;4
4769;4
4770;4
4771;4
4772;4
4773;4
4774;4
4775;4
4776;4
4777;4
4778;4
4779;4
4780;4
4781;4
4782;4
4783;4
4784;4
4785;4
4786;4
4787;4
4788;4
4789;4
4790;4
4791;4
4792;4
4793;4
4794;4
4795;4
4796;4
4797;4
4798;4
4799;4
4800;4
4801;4
4802;4
4803;4
4804;4
4805;4
4806;4
4807;4
4808;4
4809;4
4810;4
4811;4
4812;4
4813;4
4814;4
4815;4
4816;4
4817;4
4818;4
4819;4
4820;4
4821;4
4822;4
4823;4
4824;4
4825;4
4826;4
4827;4
4828;4
4829;4
4830;4
4831;4
4832;4
4833;4
4834;4
4835;4
4836;4
4837;4
4838;4
4839;4
4840;4
4841;4
4842;4
4843;4
4844;4
4845;4
4846;4
4847;4
4848;4
4849;4
4850;4
4851;4
4852;4
4853;4
4854;4
4855;4
4856;4
4857;4
4858;4
4859;4
4860;4
4861;4
4862;4
4863;4
4864;4
4865;4
4866;4
4867;4
4868;4
4869;4
4870;4
4871;4
4872;4
4873;4
4874;4
4875;4
4876;4
4877;4
4878;4
4879;4
4880;4
4881;4
4882;4
4883;4
4884;4
4885;4
4886;4
4887;5
4888;5
4889;5
4890;5
4891;5
4892;5
4893;5
4894;5
4895;5
4896;5
4897;5
4898;5
4899;5
4900;5
4901;5
4902;5
4903;5
4904;5
4905;5
4906;5
4907;5
4908;5
4909;5
4910;5
4911;5
4912;5
4913;5
4914;5
4915;5
4916;5
4917;5
4918;5
4919;5
4920;5
4921;5
4922;5
4923;5
4924;5
4925;5
4926;5
4927;5
4928;5
4929;5
4930;5
4931;5
4932;5
4933;5
4934;5
4935;5
4936;5
4937;5
4938;5
4939;5
4940;5
4941;5
4942;5
4943;5
4944;5
4945;5
4946;5
4947;5
4948;5
4949;5
4950;5
4951;5
4952;5
4953;5
4954;5
4955;5
4956;5
4957;5
4958;5
4959;5
4960;5
4961;5
4962;5
4963;5
4964;5
4965;5
4966;5
4967;5
4968;5
4969;5
4970;5
4971;5
4972;5
4973;5
4974;5
4975;5
4976;5
4977;5
4978;5
4979;5
4980;5
4981;5
4982;5
4983;5
4984;5
4985;5
4986;5
4987;5
4988;5
4989;5
4990;5
4991;5
4992;5
4993;5
4994;5
4995;5
4996;5
4997;5
4998;5
4999;5
5000;5
5001;5
5002;5
5003;5
5004;5
5005;5
5006;5
5007;5
5008;5
5009;5
5010;5
5011;5
5012;5
5013;5
5014;5
5015;5
5016;5
5017;5
5018;5
5019;5
5020;5
5021;5
5022;5
5023;5
5024;5
5025;5
5026;5
5027;5
5028;5
5029;5
5030;5
5031;5
5032;5
5033;5
5034;5
5035;5
5036;5
5037;5
5038;5
5039;5
5040;5
5041;5
5042;5
5043;5
5044;5
5045;5
5046;5
5047;5
5048;5
5049;5
5050;5
5051;5
5052;5
5053;5
5054;5
5055;5
5056;5
5057;5
5058;5
5059;5
5060;5
5061;5
5062;5
5063;5
5064;5
5065;5
5066;5
5067;5
5068;5
5069;5
5070;5
5071;5
5072;5
5073;5
5074;5
5075;5
5076;5
5077;5
5078;5
5079;5
5080;5
5081;5
5082;5
5083;5
5084;5
5085;5
5086;5
5087;5
5088;5
5089;5
5090;5
5091;5
5092;5
5093;5
5094;5
5095;5
5096;5
5097;5
5098;5
5099;5
5100;5
5101;5
5102;5
5103;5
5104;5
5105;5
5106;5
5107;5
5108;5
5109;5
5110;5
5111;5
5112;5
5113;5
5114;5
5115;5
5116;5
5117;5
5118;5
5119;5
5120;5
5121;5
5122;5
5123;5
5124;5
5125;5
5126;5
5127;5
5128;5
5129;5
5130;5
5131;5
5132;5
5133;5
5134;5
5135;5
5136;5
5137;5
5138;5
5139;5
5140;5
5141;5
5142;5
5143;5
5144;5
5145;5
5146;5
5147;5
5148;5
5149;5
5150;5
5151;5
5152;5
5153;5
5154;5
5155;5
5156;5
5157;5
5158;5
5159;5
5160;5
5161;5
5162;5
5163;5
5164;5
5165;5
5166;5
5167;5
5168;5
5169;5
5170;5
5171;5
5172;5
5173;5
5174;5
5175;5
5176;5
5177;5
5178;5
5179;5
5180;5
5181;5
5182;5
5183;5
5184;5
5185;5
5186;5
5187;5
5188;5
5189;5
5190;5
5191;5
5192;5
5193;5
5194;5
5195;5
5196;5
5197;5
5198;5
5199;5
5200;5
5201;5
5202;5
5203;5
5204;5
5205;5
5206;5
5207;5
5208;5
5209;5
5210;5
5211;5
5212;5
5213;5
5214;5
5215;5
5216;5
5217;5
5218;5
5219;5
5220;5
5221;5
5222;5
5223;5
5224;5
5225;5
5226;5
5227;5
5228;5
5229;5
5230;5
5231;5
5232;5
5233;5
5234;5
5235;5
5236;5
5237;5
5238;5
5239;5
5240;5
5241;5
5242;5
5243;5
5244;5
5245;5
5246;5
5247;5
5248;5
5249;5
5250;5
5251;5
5252;5
5253;5
5254;5
5255;5
5256;5
5257;5
5258;5
5259;5
5260;5
5261;5
5262;5
5263;5
5264;5
5265;5
5266;5
5267;5
5268;5
5269;5
5270;5
5271;5
5272;5
5273;5
5274;5
5275;5
5276;5
5277;5
5278;5
5279;5
5280;5
5281;5
5282;5
5283;5
5284;5
5285;5
5286;5
5287;5
5288;5
5289;5
5290;5
5291;5
5292;5
5293;5
5294;5
5295;5
5296;5
5297;5
5298;5
5299;5
5300;5
5301;5
5302;5
5303;5
5304;5
5305;5
5306;5
5307;5
5308;5
5309;5
5310;5
5311;5
5312;5
5313;5
5314;5
5315;5
5316;5
5317;5
5318;5
5319;5
5320;5
5321;5
5322;5
5323;5
5324;5
5325;5
5326;5
5327;5
5328;5
5329;5
5330;5
5331;5
5332;5
5333;5
5334;5
5335;5
5336;5
5337;5
5338;5
5339;5
5340;5
5341;5
5342;5
5343;5
5344;5
5345;5
5346;5
5347;5
5348;5
5349;5
5350;5
5351;5
5352;5
5353;5
5354;5
5355;5
5356;5
5357;5
5358;5
5359;5
5360;5
5361;5
5362;5
5363;5
5364;5
5365;5
5366;5
5367;5
5368;5
5369;5
5370;5
5371;5
5372;5
5373;5
5374;5
5375;5
5376;5
5377;5
5378;5
5379;5
5380;5
5381;5
5382;5
5383;5
5384;5
5385;5
5386;5
5387;5
5388;5
5389;6
5390;6
5391;6
5392;6
5393;6
5394;6
5395;6
5396;6
5397;6
5398;6
5399;6
5400;6
5401;6
5402;6
5403;6
5404;6
5405;6
5406;6
5407;6
5408;6
5409;6
5410;6
5411;6
5412;6
5413;6
5414;6
5415;6
5416;6
5417;6
5418;6
5419;6
5420;6
5421;6
5422;6
5423;6
5424;6
5425;6
5426;6
5427;6
5428;6
5429;6
5430;6
5431;6
5432;6
5433;6
5434;6
5435;6
5436;6
5437;6
5438;6
5439;6
5440;6
5441;6
5442;6
5443;6
5444;6
5445;6
5446;6
5447;6
5448;6
5449;6
5450;6
5451;6
5452;6
5453;6
5454;6
5455;6
5456;6
5457;6
5458;6
5459;6
5460;6
5461;6
5462;6
5463;6
5464;6
5465;6
5466;6
5467;6
5468;6
5469;6
5470;6
5471;6
5472;6
5473;6
5474;6
5475;6
5476;6
5477;6
5478;6
5479;6
5480;6
5481;6
5482;6
5483;6
5484;6
5485;6
5486;6
5487;6
5488;6
5489;6
5490;6
5491;6
5492;6
5493;6
5494;6
5495;6
5496;6
5497;6
5498;6
5499;6
5500;6
5501;6
5502;6
5503;6
5504;6
5505;6
5506;6
5507;6
5508;6
5509;6
5510;6
5511;6
5512;6
5513;6
5514;6
5515;6
5516;6
5517;6
5518;6
5519;6
5520;6
5521;6
5522;6
5523;6
5524;6
5525;6
5526;6
5527;6
5528;6
5529;6
5530;6
5531;6
5532;6
5533;6
5534;6
5535;6
5536;6
5537;6
5538;6
5539;6
5540;6
5541;6
5542;6
5543;6
5544;6
5545;6
5546;6
5547;6
5548;6
5549;6
5550;6
5551;6
5552;6
5553;6
5554;6
5555;6
5556;6
5557;6
5558;6
5559;6
5560;6
5561;6
5562;6
5563;6
5564;6
5565;6
5566;6
5567;6
5568;6
5569;6
5570;6
5571;6
5572;6
5573;6
5574;6
5575;6
5576;6
5577;6
5578;6
5579;6
5580;6
5581;6
5582;6
5583;6
5584;6
5585;6
5586;6
5587;6
5588;6
5589;6
5590;6
5591;6
5592;6
5593;6
5594;6
5595;6
5596;6
5597;6
5598;6
5599;6
5600;6
5601;6
5602;6
5603;6
5604;6
5605;6
5606;6
5607;6
5608;6
5609;6
5610;6
5611;6
5612;6
5613;6
5614;6
5615;6
5616;6
5617;6
5618;6
5619;6
5620;6
5621;6
5622;6
5623;6
5624;6
5625;6
5626;6
5627;6
5628;6
5629;6
5630;6
5631;6
5632;6
5633;6
5634;6
5635;6
5636;6
5637;6
5638;6
5639;6
5640;6
5641;6
5642;6
5643;6
5644;6
5645;6
5646;6
5647;6
5648;6
5649;6
5650;6
5651;6
5652;6
5653;6
5654;6
5655;6
5656;6
5657;6
5658;6
5659;6
5660;6
5661;6
5662;6
5663;6
5664;6
5665;6
5666;6
5667;6
5668;6
5669;6
5670;6
5671;6
5672;6
5673;6
5674;6
5675;6
5676;6
5677;6
5678;6
5679;6
5680;6
5681;6
5682;6
5683;6
5684;6
5685;6
5686;6
5687;6
5688;6
5689;6
5690;6
5691;6
5692;6
5693;6
5694;6
5695;6
5696;6
5697;6
5698;6
5699;6
5700;6
5701;6
5702;6
5703;6
5704;6
5705;6
5706;6
5707;6
5708;6
5709;6
5710;6
5711;6
5712;6
5713;6
5714;6
5715;6
5716;6
5717;6
5718;6
5719;6
5720;6
5721;6
5722;6
5723;6
5724;6
5725;6
5726;6
5727;6
5728;6
5729;6
5730;6
5731;6
5732;6
5733;6
5734;6
5735;6
5736;6
5737;6
5738;6
5739;6
5740;6
5741;6
5742;6
5743;6
5744;6
5745;6
5746;6
5747;6
5748;6
5749;6
5750;6
5751;6
5752;6
5753;6
5754;6
5755;6
5756;6
5757;6
5758;6
5759;6
5760;6
5761;6
5762;6
5763;6
5764;6
5765;6
5766;6
5767;6
5768;6
5769;6
5770;6
5771;6
5772;6
5773;6
5774;6
5775;6
5776;6
5777;6
5778;6
5779;6
5780;6
5781;6
5782;6
5783;6
5784;6
5785;6
5786;6
5787;6
5788;6
5789;6
5790;6
5791;6
5792;6
5793;6
5794;6
5795;6
5796;6
5797;6
5798;6
5799;6
5800;6
5801;6
5802;6
5803;6
5804;6
5805;6
5806;6
5807;6
5808;6
5809;6
5810;6
5811;6
5812;6
5813;6
5814;6
5815;6
5816;6
5817;6
5818;6
5819;6
5820;6
5821;6
5822;6
5823;6
5824;6
5825;6
5826;6
5827;6
5828;6
5829;6
5830;6
5831;6
5832;6
5833;6
5834;6
5835;6
5836;6
5837;6
5838;6
5839;6
5840;6
5841;6
5842;6
5843;6
5844;6
5845;6
5846;6
5847;6
5848;6
5849;6
5850;6
5851;6
5852;6
5853;6
5854;6
5855;6
5856;6
5857;6
5858;6
5859;6
5860;6
5861;6
5862;6
5863;6
5864;6
5865;6
5866;6
5867;6
5868;6
5869;6
5870;6
5871;6
5872;6
5873;6
5874;6
5875;6
5876;6
5877;6
5878;6
5879;6
5880;6
5881;6
5882;6
5883;6
5884;6
5885;6
5886;6
5887;6
5888;6
5889;6
5890;6
5891;6
5892;6
5893;6
5894;6
5895;6
5896;6
5897;6
5898;6
5899;6
5900;6
5901;6
5902;6
5903;6
5904;6
5905;6
5906;6
5907;6
5908;6
5909;6
5910;6
5911;6
5912;6
5913;6
5914;6
5915;6
5916;6
5917;6
5918;6
5919;6
5920;6
5921;6
5922;6
5923;6
5924;6
5925;6
5926;6
5927;6
5928;6
5929;6
5930;6
5931;6
5932;6
5933;6
5934;6
5935;6
5936;6
5937;6
5938;6
5939;6
5940;6
5941;6
5942;6
5943;6
5944;6
5945;6
5946;6
5947;6
5948;6
5949;6
5950;6
5951;6
5952;6
5953;6
5954;6
5955;6
5956;6
5957;6
5958;6
5959;6
5960;6
5961;6
5962;6
5963;6
5964;6
5965;6
5966;6
5967;6
5968;6
5969;6
5970;6
5971;6
5972;6
5973;6
5974;6
5975;6
5976;6
5977;6
5978;6
5979;6
5980;6
5981;6
5982;6
5983;6
5984;6
5985;6
5986;6
5987;6
5988;6
5989;6
5990;6
5991;6
5992;6
5993;6
5994;6
5995;6
5996;6
5997;6
5998;6
5999;6
6000;6
6001;6
6002;6
6003;6
6004;6
6005;6
6006;6
6007;6
6008;6
6009;6
6010;6
6011;6
6012;6
6013;6
6014;6
6015;6
6016;6
6017;6
6018;6
6019;6
6020;6
6021;6
6022;6
6023;6
6024;6
6025;6
6026;6
6027;6
6028;6
6029;6
6030;6
6031;6
6032;6
6033;6
6034;6
6035;6
6036;6
6037;6
6038;6
6039;6
6040;6
6041;6
6042;6
6043;6
6044;6
6045;6
6046;6
6047;6
6048;6
6049;6
6050;6
6051;6
6052;6
6053;6
6054;6
6055;6
6056;6
6057;6
6058;6
6059;6
6060;6
6061;6
6062;6
6063;6
6064;6
6065;6
6066;6
6067;6
6068;6
6069;6
6070;6
6071;6
6072;6
6073;6
6074;6
6075;6
6076;6
6077;6
6078;6
6079;6
6080;6
6081;6
6082;6
6083;6
6084;6
6085;6
6086;6
6087;6
6088;6
6089;6
6090;6
6091;6
6092;6
6093;6
6094;6
6095;6
6096;6
6097;6
6098;6
6099;6
6100;6
6101;6
6102;6
6103;6
6104;6
6105;6
6106;6
6107;6
6108;6
6109;6
6110;6
6111;6
6112;6
6113;6
6114;6
6115;6
6116;6
6117;6
6118;6
6119;6
6120;6
6121;6
6122;6
6123;6
6124;6
6125;6
6126;6
6127;6
6128;6
6129;6
6130;6
6131;6
6132;6
6133;6
6134;6
6135;6
6136;6
6137;6
6138;6
6139;6
6140;6
6141;6
6142;6
6143;6
6144;6
6145;6
6146;6
6147;6
6148;6
6149;6
6150;6
6151;6
6152;6
6153;6
6154;6
6155;6
6156;6
6157;6
6158;6
6159;6
6160;6
6161;6
6162;6
6163;6
6164;6
6165;6
6166;6
6167;6
6168;6
6169;6
6170;6
6171;6
6172;6
6173;6
6174;6
6175;6
6176;6
6177;6
6178;6
6179;6
6180;6
6181;6
6182;6
6183;6
6184;6
6185;6
6186;6
6187;6
6188;6
6189;6
6190;6
6191;6
6192;6
6193;6
6194;6
6195;6
6196;6
6197;6
6198;6
6199;6
6200;6
6201;6
6202;6
6203;6
6204;6
6205;6
6206;6
6207;6
6208;6
6209;6
6210;6
6211;6
6212;6
6213;6
6214;6
6215;6
6216;6
6217;6
6218;6
6219;6
6220;6
6221;6
6222;6
6223;6
6224;6
6225;6
6226;6
6227;6
6228;6
6229;6
6230;6
6231;6
6232;6
6233;6
6234;6
6235;6
6236;6
6237;6
6238;6
6239;6
6240;6
6241;6
6242;6
6243;6
6244;6
6245;6
6246;6
6247;6
6248;6
6249;6
6250;6
6251;6
6252;6
6253;6
6254;6
6255;6
6256;6
6257;6
6258;6
6259;6
6260;6
6261;6
6262;6
6263;6
6264;6
6265;6
6266;6
6267;6
6268;6
6269;6
6270;6
6271;6
6272;6
6273;6
6274;6
6275;6
6276;6
6277;6
6278;6
6279;6
6280;6
6281;6
6282;6
6283;6
6284;6
6285;6
6286;6
6287;6
6288;6
6289;6
6290;6
6291;6
6292;6
6293;6
6294;6
6295;6
6296;6
6297;6
6298;6
6299;6
6300;6
6301;6
6302;6
6303;6
6304;6
6305;6
6306;6
6307;6
6308;6
6309;6
6310;6
6311;6
6312;6
6313;6
6314;6
6315;6
6316;6
6317;6
6318;6
6319;6
6320;6
6321;6
6322;6
6323;6
6324;6
6325;6
6326;6
6327;6
6328;6
6329;6
6330;6
6331;6
6332;6
6333;6
6334;6
6335;6
6336;6
6337;6
6338;6
6339;6
6340;6
6341;6
6342;6
6343;6
6344;6
6345;6
6346;6
6347;6
6348;6
6349;6
6350;6
6351;6
6352;6
6353;6
6354;6
6355;6
6356;6
6357;6
6358;6
6359;6
6360;6
6361;6
6362;6
6363;6
6364;6
6365;6
6366;6
6367;6
6368;6
6369;6
6370;6
6371;6
6372;6
6373;6
6374;6
6375;6
6376;6
6377;6
6378;6
6379;6
6380;6
6381;6
6382;6
6383;6
6384;6
6385;6
6386;6
6387;6
6388;6
6389;6
6390;6
6391;6
6392;6
6393;6
6394;6
6395;6
6396;6
6397;6
6398;6
6399;6
6400;6
6401;6
6402;6
6403;6
6404;6
6405;6
6406;6
6407;6
6408;6
6409;6
6410;6
6411;6
6412;6
6413;6
6414;6
6415;6
6416;6
6417;6
6418;6
6419;6
6420;6
6421;6
6422;6
6423;6
6424;6
6425;6
6426;6
6427;6
6428;6
6429;6
6430;6
6431;6
6432;6
6433;6
6434;6
6435;6
6436;6
6437;6
6438;6
6439;6
6440;6
6441;6
6442;6
6443;6
6444;6
6445;6
6446;6
6447;6
6448;6
6449;6
6450;6
6451;6
6452;6
6453;6
6454;6
6455;6
6456;6
6457;6
6458;6
6459;6
6460;6
6461;6
6462;6
6463;6
6464;6
6465;6
6466;6
6467;6
6468;6
6469;6
6470;6
6471;6
6472;6
6473;6
6474;6
6475;6
6476;6
6477;6
6478;6
6479;6
6480;6
6481;6
6482;6
6483;6
6484;6
6485;6
6486;6
6487;6
6488;6
6489;6
6490;6
6491;6
6492;6
6493;6
6494;6
6495;6
6496;6
6497;6
6498;6
6499;6
6500;6
6501;6
6502;6
6503;6
6504;6
6505;6
6506;6
6507;6
6508;6
6509;6
6510;6
6511;6
6512;6
6513;6
6514;6
6515;6
6516;6
6517;6
6518;6
6519;6
6520;6
6521;6
6522;6
6523;6
6524;6
6525;6
6526;6
6527;6
6528;6
6529;6
6530;6
6531;6
6532;6
6533;6
6534;6
6535;6
6536;6
6537;6
6538;6
6539;6
6540;6
6541;6
6542;6
6543;6
6544;6
6545;6
6546;6
6547;6
6548;6
6549;6
6550;6
6551;6
6552;6
6553;6
6554;6
6555;6
6556;6
6557;6
6558;6
6559;6
6560;6
6561;6
6562;6
6563;6
6564;6
6565;6
6566;6
6567;6
6568;6
6569;6
6570;6
6571;6
6572;6
6573;6
6574;6
6575;6
6576;6
6577;6
6578;6
6579;6
6580;6
6581;6
6582;6
6583;6
6584;6
6585;6
6586;6
6587;6
6588;6
6589;6
6590;6
6591;6
6592;6
6593;6
6594;6
6595;6
6596;6
6597;6
6598;6
6599;6
6600;6
6601;6
6602;6
6603;6
6604;6
6605;6
6606;6
6607;6
6608;6
6609;6
6610;6
6611;6
6612;6
6613;6
6614;6
6615;6
6616;6
6617;6
6618;6
6619;6
6620;6
6621;6
6622;6
6623;6
6624;6
6625;6
6626;6
6627;6
6628;6
6629;6
6630;6
6631;6
6632;6
6633;6
6634;6
6635;6
6636;6
6637;6
6638;6
6639;6
6640;6
6641;6
6642;6
6643;6
6644;6
6645;6
6646;6
6647;6
6648;6
6649;6
6650;6
6651;6
6652;6
6653;6
6654;6
6655;6
6656;6
6657;6
6658;6
6659;6
6660;6
6661;6
6662;6
6663;6
6664;6
6665;6
6666;6
6667;6
6668;6
6669;6
6670;6
6671;6
6672;6
6673;6
6674;6
6675;6
6676;6
6677;6
6678;6
6679;6
6680;6
6681;6
6682;6
6683;6
6684;6
6685;6
6686;6
6687;6
6688;6
6689;6
6690;6
6691;6
6692;6
6693;6
6694;6
6695;6
6696;6
6697;6
6698;6
6699;6
6700;6
6701;6
6702;6
6703;6
6704;6
6705;6
6706;6
6707;6
6708;6
6709;6
6710;6
6711;6
6712;6
6713;6
6714;6
6715;6
6716;6
6717;6
6718;6
6719;6
6720;6
6721;6
6722;6
6723;6
6724;6
6725;6
6726;6
6727;6
6728;6
6729;6
6730;6
6731;6
6732;6
6733;6
6734;6
6735;6
6736;6
6737;6
6738;6
6739;6
6740;6
6741;6
6742;6
6743;6
6744;6
6745;6
6746;6
6747;6
6748;6
6749;6
6750;6
6751;6
6752;6
6753;6
6754;6
6755;6
6756;6
6757;6
6758;6
6759;6
6760;6
6761;6
6762;6
6763;6
6764;6
6765;6
6766;6
6767;6
6768;6
6769;6
6770;6
6771;6
6772;6
6773;6
6774;6
6775;6
6776;6
6777;6
6778;6
6779;6
6780;6
6781;6
6782;6
6783;6
6784;6
6785;6
6786;6
6787;6
6788;6
6789;6
6790;6
6791;6
6792;6
6793;6
6794;6
6795;6
6796;6
6797;6
6798;6
6799;6
6800;6
6801;6
6802;6
6803;6
6804;6
6805;6
6806;6
6807;6
6808;6
6809;6
6810;6
6811;6
6812;6
6813;6
6814;6
6815;6
6816;6
6817;6
6818;6
6819;6
6820;6
6821;6
6822;6
6823;6
6824;6
6825;6
6826;6
6827;6
6828;6
6829;6
6830;6
6831;6
6832;6
6833;6
6834;6
6835;6
6836;6
6837;6
6838;6
6839;6
6840;6
6841;6
6842;6
6843;6
6844;6
6845;6
6846;6
6847;6
6848;6
6849;6
6850;6
6851;6
6852;6
6853;6
6854;6
6855;6
6856;6
6857;6
6858;6
6859;6
6860;6
6861;6
6862;6
6863;6
6864;6
6865;6
6866;6
6867;6
6868;6
6869;6
6870;6
6871;6
6872;6
6873;6
6874;6
6875;6
6876;6
6877;6
6878;6
6879;6
6880;6
6881;6
6882;6
6883;6
6884;6
6885;6
6886;6
6887;6
6888;6
6889;6
6890;6
6891;6
6892;6
6893;6
6894;6
6895;6
6896;6
6897;6
6898;6
6899;6
6900;6
6901;6
6902;6
6903;6
6904;6
6905;6
6906;6
6907;6
6908;6
6909;6
6910;6
6911;6
6912;6
6913;6
6914;6
6915;6
6916;6
6917;6
6918;6
6919;6
6920;6
6921;6
6922;6
6923;6
6924;6
6925;6
6926;6
6927;6
6928;6
6929;6
6930;6
6931;6
6932;6
6933;6
6934;6
6935;6
6936;6
6937;6
6938;6
6939;6
6940;6
6941;6
6942;6
6943;6
6944;6
6945;6
6946;6
6947;6
6948;6
6949;6
6950;6
6951;6
6952;6
6953;6
6954;6
6955;6
6956;6
6957;6
6958;6
6959;6
6960;6
6961;6
6962;6
6963;6
6964;6
6965;6
6966;6
6967;6
6968;6
6969;6
6970;6
6971;6
6972;6
6973;6
6974;6
6975;6
6976;6
6977;6
6978;6
6979;6
6980;6
6981;6
6982;6
6983;6
6984;6
6985;6
6986;6
6987;6
6988;6
6989;6
6990;6
6991;6
6992;6
6993;6
6994;6
6995;6
6996;6
6997;6
6998;6
6999;6
7000;6
7001;6
7002;6
7003;6
7004;6
7005;6
7006;6
7007;6
7008;6
7009;6
7010;6
7011;6
7012;6
7013;6
7014;6
7015;6
7016;6
7017;6
7018;6
7019;6
7020;6
7021;6
7022;6
7023;6
7024;6
7025;6
7026;6
7027;6
7028;6
7029;6
7030;6
7031;6
7032;6
7033;6
7034;6
7035;6
7036;6
7037;6
7038;6
7039;6
7040;6
7041;6
7042;6
7043;6
7044;6
7045;6
7046;6
7047;6
7048;6
7049;6
7050;6
7051;6
7052;6
7053;6
7054;6
7055;6
7056;6
7057;6
7058;6
7059;6
7060;6
7061;6
7062;6
7063;6
7064;6
7065;6
7066;6
7067;6
7068;6
7069;6
7070;6
7071;6
7072;6
7073;6
7074;6
7075;6
7076;6
7077;6
7078;6
7079;6
7080;6
7081;6
7082;6
7083;6
7084;6
7085;6
7086;6
7087;6
7088;6
7089;6
7090;6
7091;6
7092;6
7093;6
7094;6
7095;6
7096;6
7097;6
7098;6
7099;6
7100;6
7101;6
7102;6
7103;6
7104;6
7105;6
7106;6
7107;6
7108;6
7109;6
7110;6
7111;6
7112;6
7113;6
7114;6
7115;6
7116;6
7117;6
7118;6
7119;6
7120;6
7121;6
7122;6
7123;6
7124;6
7125;6
7126;6
7127;6
7128;6
7129;6
7130;6
7131;6
7132;6
7133;6
7134;6
7135;6
7136;6
7137;6
7138;6
7139;6
7140;6
7141;6
7142;6
7143;6
7144;6
7145;6
7146;6
7147;6
7148;6
7149;6
7150;6
7151;6
7152;6
7153;6
7154;6
7155;6
7156;6
7157;6
7158;6
7159;6
7160;6
7161;6
7162;6
7163;6
7164;6
7165;6
7166;6
7167;6
7168;6
7169;6
7170;6
7171;6
7172;6
7173;6
7174;6
7175;6
7176;6
7177;6
7178;6
7179;6
7180;6
7181;6
7182;6
7183;6
7184;6
7185;6
7186;6
7187;6
7188;6
7189;6
7190;6
7191;6
7192;6
7193;6
7194;6
7195;6
7196;6
7197;6
7198;6
7199;6
7200;6
7201;6
7202;6
7203;6
7204;6
7205;6
7206;6
7207;6
7208;6
7209;6
7210;6
7211;6
7212;6
7213;6
7214;6
7215;6
7216;6
7217;6
7218;6
7219;6
7220;6
7221;6
7222;6
7223;6
7224;6
7225;6
7226;6
7227;6
7228;6
7229;6
7230;6
7231;6
7232;6
7233;6
7234;6
7235;6
7236;6
7237;6
7238;6
7239;6
7240;6
7241;6
7242;6
7243;6
7244;6
7245;6
7246;6
7247;6
7248;6
7249;6
7250;6
7251;6
7252;6
7253;6
7254;6
7255;6
7256;6
7257;6
7258;6
7259;6
7260;6
7261;6
7262;6
7263;6
7264;6
7265;6
7266;6
7267;6
7268;6
7269;6
7270;6
7271;6
7272;6
7273;6
7274;6
7275;6
7276;6
7277;6
7278;6
7279;6
7280;6
7281;6
7282;6
7283;6
7284;6
7285;6
7286;6
7287;6
7288;6
7289;6
7290;6
7291;6
7292;6
7293;6
7294;6
7295;6
7296;6
7297;6
7298;6
7299;6
7300;6
7301;6
7302;6
7303;6
7304;6
7305;6
7306;6
7307;6
7308;6
7309;6
7310;6
7311;6
7312;6
7313;6
7314;6
7315;6
7316;6
7317;6
7318;6
7319;6
7320;6
7321;6
7322;6
7323;6
7324;6
7325;6
7326;6
7327;6
7328;6
7329;6
7330;6
7331;6
7332;6
7333;6
7334;6
7335;6
7336;6
7337;6
7338;6
7339;6
7340;6
7341;6
7342;6
7343;6
7344;6
7345;6
7346;6
7347;6
7348;6
7349;6
7350;6
7351;6
7352;6
7353;6
7354;6
7355;6
7356;6
7357;6
7358;6
7359;6
7360;6
7361;6
7362;6
7363;6
7364;6
7365;6
7366;6
7367;6
7368;6
7369;6
7370;6
7371;6
7372;6
7373;6
7374;6
7375;6
7376;6
7377;6
7378;6
7379;6
7380;6
7381;6
7382;6
7383;6
7384;6
7385;6
7386;6
7387;6
7388;6
7389;6
7390;6
7391;6
7392;6
7393;6
7394;6
7395;6
7396;6
7397;6
7398;6
7399;6
7400;6
7401;6
7402;6
7403;6
7404;6
7405;6
7406;6
7407;6
7408;6
7409;6
7410;6
7411;6
7412;6
7413;6
7414;6
7415;6
7416;6
7417;6
7418;6
7419;6
7420;6
7421;6
7422;6
7423;6
7424;6
7425;6
7426;6
7427;6
7428;6
7429;6
7430;6
7431;6
7432;6
7433;6
7434;6
7435;6
7436;6
7437;6
7438;6
7439;6
7440;6
7441;6
7442;6
7443;6
7444;6
7445;6
7446;6
7447;6
7448;6
7449;6
7450;6
7451;6
7452;6
7453;6
7454;6
7455;6
7456;6
7457;6
7458;6
7459;6
7460;6
7461;6
7462;6
7463;6
7464;6
7465;6
7466;6
7467;6
7468;6
7469;6
7470;6
7471;6
7472;6
7473;6
7474;6
7475;6
7476;6
7477;6
7478;6
7479;6
7480;6
7481;6
7482;6
7483;6
7484;6
7485;6
7486;6
7487;6
7488;6
7489;6
7490;6
7491;6
7492;6
7493;6
7494;6
7495;6
7496;6
7497;6
7498;6
7499;6
7500;6
7501;6
7502;6
7503;6
7504;6
7505;6
7506;6
7507;6
7508;6
7509;6
7510;6
7511;6
7512;6
7513;6
7514;6
7515;6
7516;6
7517;6
7518;6
7519;6
7520;6
7521;6
7522;6
7523;6
7524;6
7525;6
7526;6
7527;6
7528;6
7529;6
7530;6
7531;6
7532;6
7533;6
7534;6
7535;6
7536;6
7537;6
7538;6
7539;6
7540;6
7541;6
7542;6
7543;6
7544;6
7545;6
7546;6
7547;6
7548;6
7549;6
7550;6
7551;6
7552;6
7553;6
7554;6
7555;6
7556;6
7557;6
7558;6
7559;6
7560;6
7561;6
7562;6
7563;6
7564;6
7565;6
7566;6
7567;6
7568;6
7569;6
7570;6
7571;6
7572;6
7573;6
7574;6
7575;6
7576;6
7577;6
7578;6
7579;6
7580;6
7581;6
7582;6
7583;6
7584;6
7585;6
7586;6
7587;6
7588;6
7589;6
7590;6
7591;6
7592;6
7593;6
7594;6
7595;6
7596;6
7597;6
7598;6
7599;6
7600;6
7601;6
7602;6
7603;6
7604;6
7605;6
7606;6
7607;6
7608;6
7609;6
7610;6
7611;6
7612;6
7613;6
7614;6
7615;6
7616;6
7617;6
7618;6
7619;6
7620;6
7621;6
7622;6
7623;6
7624;6
7625;6
7626;6
7627;6
7628;6
7629;6
7630;6
7631;6
7632;6
7633;6
7634;6
7635;6
7636;6
7637;6
7638;6
7639;6
7640;6
7641;6
7642;6
7643;6
7644;6
7645;6
7646;6
7647;6
7648;6
7649;6
7650;6
7651;6
7652;6
7653;6
7654;6
7655;6
7656;6
7657;6
7658;6
7659;6
7660;6
7661;6
7662;6
7663;6
7664;6
7665;6
7666;6
7667;6
7668;6
7669;6
7670;6
7671;6
7672;6
7673;6
7674;6
7675;6
7676;6
7677;6
7678;6
7679;6
7680;6
7681;6
7682;6
7683;6
7684;6
7685;6
7686;6
7687;6
7688;6
7689;6
7690;6
7691;6
7692;6
7693;6
7694;6
7695;6
7696;6
7697;6
7698;6
7699;6
7700;6
7701;6
7702;6
7703;6
7704;6
7705;6
7706;6
7707;6
7708;6
7709;6
7710;6
7711;6
7712;6
7713;6
7714;6
7715;6
7716;6
7717;6
7718;6
7719;6
7720;6
7721;6
7722;6
7723;6
7724;6
7725;6
7726;6
7727;6
7728;6
7729;6
7730;6
7731;6
7732;6
7733;6
7734;6
7735;6
7736;6
7737;6
7738;6
7739;6
7740;6
7741;6
7742;6
7743;6
7744;6
7745;6
7746;6
7747;6
7748;6
7749;6
7750;6
7751;6
7752;6
7753;6
7754;6
7755;6
7756;6
7757;6
7758;6
7759;6
7760;6
7761;6
7762;6
7763;6
7764;6
7765;6
7766;6
7767;6
7768;6
7769;6
7770;6
7771;6
7772;6
7773;6
7774;6
7775;6
7776;6
7777;6
7778;6
7779;6
7780;6
7781;6
7782;6
7783;6
7784;6
7785;6
7786;6
7787;6
7788;6
7789;6
7790;6
7791;6
7792;6
7793;6
7794;6
7795;6
7796;6
7797;6
7798;6
7799;6
7800;6
7801;6
7802;6
7803;6
7804;6
7805;6
7806;6
7807;6
7808;6
7809;6
7810;6
7811;6
7812;6
7813;6
7814;6
7815;6
7816;6
7817;6
7818;6
7819;6
7820;6
7821;6
7822;6
7823;6
7824;6
7825;6
7826;6
7827;6
7828;6
7829;6
7830;6
7831;6
7832;6
7833;6
7834;6
7835;6
7836;6
7837;6
7838;6
7839;6
7840;6
7841;6
7842;6
7843;6
7844;6
7845;6
7846;6
7847;6
7848;6
7849;6
7850;6
7851;6
7852;6
7853;6
7854;6
7855;6
7856;6
7857;6
7858;6
7859;6
7860;6
7861;6
7862;6
7863;6
7864;6
7865;6
7866;6
7867;6
7868;6
7869;6
7870;6
7871;6
7872;6
7873;6
7874;6
7875;6
7876;6
7877;6
7878;6
7879;6
7880;6
7881;6
7882;6
7883;6
7884;6
7885;6
7886;6
7887;6
7888;6
7889;6
7890;6
7891;6
7892;6
7893;6
7894;6
7895;6
7896;6
7897;6
7898;6
7899;6
7900;6
7901;6
7902;6
7903;6
7904;6
7905;6
7906;6
7907;6
7908;6
7909;6
7910;6
7911;6
7912;6
7913;6
7914;6
7915;6
7916;6
7917;6
7918;6
7919;6
7920;6
7921;6
7922;6
7923;6
7924;6
7925;6
7926;6
7927;6
7928;6
7929;6
7930;6
7931;6
7932;6
7933;6
7934;6
7935;6
7936;6
7937;6
7938;6
7939;6
7940;6
7941;6
7942;6
7943;6
7944;6
7945;6
7946;6
7947;6
7948;6
7949;6
7950;6
7951;6
7952;6
7953;6
7954;6
7955;6
7956;6
7957;6
7958;6
7959;6
7960;6
7961;6
7962;6
7963;6
7964;6
7965;6
7966;6
7967;6
7968;6
7969;6
7970;6
7971;6
7972;6
7973;6
7974;6
7975;6
7976;6
7977;6
7978;6
7979;6
7980;6
7981;6
7982;6
7983;6
7984;6
7985;6
7986;6
7987;6
7988;6
7989;6
7990;6
7991;6
7992;6
7993;6
7994;6
7995;6
7996;6
7997;6
7998;6
7999;6
8000;6
8001;6
8002;6
8003;6
8004;6
8005;6
8006;6
8007;6
8008;6
8009;6
8010;6
8011;6
8012;6
8013;6
8014;6
8015;6
8016;6
8017;6
8018;6
8019;6
8020;6
8021;6
8022;6
8023;6
8024;6
8025;6
8026;6
8027;6
8028;6
8029;6
8030;6
8031;6
8032;6
8033;6
8034;6
8035;6
8036;6
8037;6
8038;6
8039;6
8040;6
8041;6
8042;6
8043;6
8044;6
8045;6
8046;6
8047;6
8048;6
8049;6
8050;6
8051;6
8052;6
8053;6
8054;6
8055;6
8056;6
8057;6
8058;6
8059;6
8060;6
8061;6
8062;6
8063;6
8064;6
8065;6
8066;6
8067;6
8068;6
8069;6
8070;6
8071;6
8072;6
8073;6
8074;6
8075;6
8076;6
8077;6
8078;6
8079;6
8080;6
8081;6
8082;6
8083;6
8084;6
8085;6
8086;6
8087;6
8088;6
8089;6
8090;6
8091;6
8092;6
8093;6
8094;6
8095;6
8096;6
8097;6
8098;6
8099;6
8100;6
8101;6
8102;6
8103;6
8104;6
8105;6
8106;6
8107;6
8108;6
8109;6
8110;6
8111;6
8112;6
8113;6
8114;6
8115;6
8116;6
8117;6
8118;6
8119;6
8120;6
8121;6
8122;6
8123;6
8124;6
8125;6
8126;6
8127;6
8128;6
8129;6
8130;6
8131;6
8132;6
8133;6
8134;6
8135;6
8136;6
8137;6
8138;6
8139;6
8140;6
8141;6
8142;6
8143;6
8144;6
8145;6
8146;6
8147;6
8148;6
8149;6
8150;6
8151;6
8152;6
8153;6
8154;6
8155;6
8156;6
8157;6
8158;6
8159;6
8160;6
8161;6
8162;6
8163;6
8164;6
8165;6
8166;6
8167;6
8168;6
8169;6
8170;6
8171;6
8172;6
8173;6
8174;6
8175;6
8176;6
8177;6
8178;6
8179;6
8180;6
8181;6
8182;6
8183;6
8184;6
8185;6
8186;6
8187;6
8188;6
8189;6
8190;6
8191;6
8192;6
8193;6
8194;6
8195;6
8196;6
8197;6
8198;6
8199;6
8200;6
8201;6
8202;6
8203;6
8204;6
8205;6
8206;6
8207;6
8208;6
8209;6
8210;6
8211;6
8212;6
8213;6
8214;6
8215;6
8216;6
8217;6
8218;6
8219;6
8220;6
8221;6
8222;6
8223;6
8224;6
8225;6
8226;6
8227;6
8228;6
8229;6
8230;6
8231;6
8232;6
8233;6
8234;6
8235;6
8236;6
8237;6
8238;6
8239;6
8240;6
8241;6
8242;6
8243;6
8244;6
8245;6
8246;6
8247;6
8248;6
8249;6
8250;6
8251;6
8252;6
8253;6
8254;6
8255;6
8256;6
8257;6
8258;6
8259;6
8260;6
8261;6
8262;6
8263;6
8264;6
8265;6
8266;6
8267;6
8268;6
8269;6
8270;6
8271;6
8272;6
8273;6
8274;6
8275;6
8276;6
8277;6
8278;6
8279;6
8280;6
8281;6
8282;6
8283;6
8284;6
8285;6
8286;6
8287;6
8288;6
8289;6
8290;6
8291;6
8292;6
8293;6
8294;6
8295;6
8296;6
8297;6
8298;6
8299;6
8300;6
8301;6
8302;6
8303;6
8304;6
8305;6
8306;6
8307;6
8308;6
8309;6
8310;6
8311;6
8312;6
8313;6
8314;6
8315;6
8316;6
8317;6
8318;6
8319;6
8320;6
8321;6
8322;6
8323;6
8324;6
8325;6
8326;6
8327;6
8328;6
8329;6
8330;6
8331;6
8332;6
8333;6
8334;6
8335;6
8336;6
8337;6
8338;6
8339;6
8340;6
8341;6
8342;6
8343;6
8344;6
8345;6
8346;6
8347;6
8348;6
8349;6
8350;6
8351;6
8352;6
8353;6
8354;6
8355;6
8356;6
8357;6
8358;6
8359;6
8360;6
8361;6
8362;6
8363;6
8364;6
8365;6
8366;6
8367;6
8368;6
8369;6
8370;6
8371;6
8372;6
8373;6
8374;6
8375;6
8376;6
8377;6
8378;6
8379;6
8380;6
8381;6
8382;6
8383;6
8384;6
8385;6
8386;6
8387;6
8388;6
8389;6
8390;6
8391;6
8392;6
8393;6
8394;6
8395;6
8396;6
8397;6
8398;6
8399;6
8400;6
